USE gym_db;

-- 管理员 (密码: admin123)
INSERT INTO admin (username, password, nickname, avatar, status) VALUES
('admin', '$2a$10$N.zmdr9k7uOCQb376NoUnuTJ8iAt6Z5EHsM8lE9lBOsl7iAt6Z5EH', '管理员', '', 1);

-- 场馆
INSERT INTO venue (name, phone, address, email, sort, status) VALUES
('健身东馆', '18011111111', '福州晋安区互动健身广场1楼', 'gym_east@163.com', 1, 1),
('健身天仓山馆', '15911111111', '福州仓山区万达广场2楼', 'gym_cangshan@163.com', 2, 1),
('健身西馆', '13800001111', '福州鼓楼区西湖公园旁', 'gym_west@163.com', 3, 1),
('健身南馆', '13800002222', '福州台江区万象城3楼', 'gym_south@163.com', 4, 0);

-- 教练
INSERT INTO coach (name, gender, phone, venue_ids, venue_names, sort, status) VALUES
('阿豪', '男', '15911111111', '1,2', '健身东馆,健身天仓山馆', 1, 1),
('小美', '女', '13800001234', '1', '健身东馆', 2, 1),
('大壮', '男', '13900001234', '2,3', '健身天仓山馆,健身西馆', 3, 1),
('晓峰', '男', '13700001234', '1,3', '健身东馆,健身西馆', 4, 1),
('莉莉', '女', '13600001234', '2', '健身天仓山馆', 5, 1);

-- 团课
INSERT INTO group_course (name, coach, sort, duration, max_people, tags, status) VALUES
('魔鬼速度减脂课程', '阿豪', 1, 50, 100, '极速减脂,心肺考验', 1),
('核心力量训练', '大壮', 2, 45, 80, '核心训练,增肌增重', 1),
('瑜伽塑形课', '小美', 3, 60, 60, '塑形,放松', 1),
('搏击有氧', '晓峰', 4, 50, 80, '减脂塑形,心肺考验', 1),
('普拉提入门', '莉莉', 5, 45, 50, '塑形,核心训练', 1),
('动感单车', '阿豪', 6, 45, 100, '极速减脂,心肺考验', 1);

-- 私教课程
INSERT INTO private_course (name, coach, sort, duration, max_people, tags, status) VALUES
('私教减脂课程', '阿豪', 1, 50, 1, '减脂,塑形', 1),
('私教增肌课程', '大壮', 2, 60, 1, '增肌,力量', 1),
('私教瑜伽课程', '小美', 3, 60, 1, '瑜伽,放松', 1),
('私教拳击训练', '晓峰', 4, 50, 1, '拳击,减脂', 1);

-- 会员
INSERT INTO member (account, nickname, real_name, phone, member_card, member_level, coach, points, status, register_time) VALUES
('159****5311', '符号', '张符号', '15911115311', '体验2次/剩余2次', '一般会员', '无', 60000, 1, '2024-01-10 10:00:00'),
('138****6688', '小明', '李小明', '13800006688', '月卡', '一般会员', '阿豪', 12000, 1, '2024-01-12 14:30:00'),
('139****7799', '阿花', '王阿花', '13900007799', '季卡', 'VIP会员', '小美', 28000, 1, '2024-01-15 09:00:00'),
('137****8800', '大刚', '赵大刚', '13700008800', '年卡', '钻石会员', '大壮', 85000, 1, '2024-01-05 11:00:00'),
('136****9900', '小丽', '陈小丽', '13600009900', '次卡(10次)', '一般会员', '无', 5000, 1, '2024-01-18 16:00:00');

-- 会员卡
INSERT INTO member_card (card_name, member_id, member_name, phone, card_type, times, remain_times, balance, days, status) VALUES
('体验2次卡', 1, '符号', '15911115311', '次卡', 2, 2, 0, 0, 1),
('月卡', 2, '小明', '13800006688', '期限卡', 0, 0, 0, 30, 1),
('季卡', 3, '阿花', '13900007799', '期限卡', 0, 0, 0, 90, 1),
('年卡', 4, '大刚', '13700008800', '期限卡', 0, 0, 0, 365, 1),
('次卡10次', 5, '小丽', '13600009900', '次卡', 10, 8, 0, 0, 1),
('储值卡500', 4, '大刚', '13700008800', '储值卡', 0, 0, 350, 0, 1);

-- 商品
INSERT INTO product (name, cover_image, price, category, tags, sales, stock, status) VALUES
('健身哑铃5kg', '', 100.00, '健身周边', '哑铃,力量', 100, 200, 1),
('运动跑步鞋', '', 299.00, '健身周边', '跑鞋,运动', 85, 150, 1),
('蛋白粉增肌型', '', 198.00, '食品', '蛋白粉,增肌', 200, 500, 1),
('瑜伽垫加厚款', '', 79.00, '健身周边', '瑜伽垫', 150, 300, 1),
('健身手套', '', 49.00, '健身周边', '手套', 300, 800, 1),
('能量棒套装', '', 59.00, '食品', '能量棒', 180, 400, 1),
('运动水壶1L', '', 39.00, '健身周边', '水壶', 220, 600, 1),
('弹力带套装', '', 69.00, '健身周边', '弹力带', 90, 250, 0);

-- 订单
INSERT INTO `order` (order_no, member_name, order_status, order_type, total_amount, pay_method, pay_status) VALUES
('ORD20240120001', '符号', '已付款', '实物订单', 299.00, '微信支付', '已付款'),
('ORD20240120002', '小明', '已付款', '虚拟订单', 10000.00, '支付宝', '已付款'),
('ORD20240119003', '阿花', '待付款', '实物订单', 198.00, '-', '未付款'),
('ORD20240119004', '大刚', '已付款', '积分订单', 59.00, '积分兑换', '已付款'),
('ORD20240118005', '小丽', '已取消', '实物订单', 79.00, '-', '未付款'),
('ORD20240118006', '符号', '已付款', '虚拟订单', 10000.00, '微信支付', '已付款');

-- 预约记录
INSERT INTO booking (course_name, member_name, phone, people, course_time, coach, member_card, remark, status, booking_time) VALUES
('魔鬼速度减脂课程', '符号', '15911115311', 1, '08:30-09:15', '阿豪', '体验2次卡', '-', '未签到', '2024-01-20 08:00:00'),
('核心力量训练', '小明', '13800006688', 1, '09:30-10:15', '大壮', '月卡', '-', '已签到', '2024-01-20 09:00:00'),
('瑜伽塑形课', '阿花', '13900007799', 1, '10:30-11:30', '小美', '季卡', '-', '已签到', '2024-01-20 10:00:00'),
('搏击有氧', '大刚', '13700008800', 1, '14:00-14:50', '晓峰', '年卡', '-', '未签到', '2024-01-20 13:30:00'),
('动感单车', '小丽', '13600009900', 1, '18:00-18:45', '阿豪', '次卡10次', '-', '已取消', '2024-01-19 17:00:00');

-- 优惠券
INSERT INTO coupon (name, type, amount, min_amount, total, used, status, start_time, end_time) VALUES
('新人体验券', '课程券', 50.00, 0, 100, 23, 1, '2024-01-01 00:00:00', '2024-03-31 23:59:59'),
('满100减20商城券', '商城券', 20.00, 100, 200, 56, 1, '2024-01-01 00:00:00', '2024-02-29 23:59:59'),
('团课8折券', '课程券', 0.00, 0, 50, 12, 1, '2024-01-15 00:00:00', '2024-04-15 23:59:59');

-- 系统用户
INSERT INTO system_user (username, password, nickname, phone, email, role_name, status) VALUES
('operator', '$2a$10$N.zmdr9k7uOCQb376NoUnuTJ8iAt6Z5EHsM8lE9lBOsl7iAt6Z5EH', '运营小王', '13800001001', 'operator@gym.com', '运营', 1),
('manager', '$2a$10$N.zmdr9k7uOCQb376NoUnuTJ8iAt6Z5EHsM8lE9lBOsl7iAt6Z5EH', '经理老李', '13900001002', 'manager@gym.com', '管理员', 1);

-- 角色
INSERT INTO role (name, code, description, status) VALUES
('超级管理员', 'super_admin', '拥有所有权限', 1),
('管理员', 'admin', '管理后台基本权限', 1),
('运营', 'operator', '运营相关权限', 1),
('教练', 'coach', '教练查看权限', 1);
